table_id,table_source,qa_count,batch,is_pilot
0_1_nsf21326-tab001,nsf,1,1,False
105_54_nsf19316-tab003,nsf,1,1,False
106_55_fs17-ib-19314-tab001,nsf,3,1,False
108,statcan,13,1,True
1095,statcan,2,1,False
110_totto12930-2,totto,1,1,False
111_55_fs17-ib-19314-tab006,nsf,7,1,False
112,statcan,11,1,False
112_55_fs17-ib-19314-tab007,nsf,5,1,False
1141,statcan,4,1,False
1151,statcan,1,1,False
115_56_fac17-ib-19313-tab002,nsf,2,1,False
120_57_herd16-ib-19303-tab002,nsf,2,1,False
123_58_ffrdc17-ib-19311-tab003,nsf,2,1,False
124_totto14760-4,totto,1,1,False
1284,statcan,1,1,False
128_62_np16-ib-19308-tab002,nsf,8,1,False
130_62_np16-ib-19308-tab004,nsf,6,1,False
134_64_sdr17-ib-19307-tab004,nsf,2,1,False
1355,statcan,1,1,False
135_64_sdr17-ib-19307-tab005,nsf,3,1,False
1391,statcan,2,1,False
143_totto17307-4,totto,1,1,False
146_70_tab1,nsf,6,1,False
147_70_tab3,nsf,4,1,False
1487,statcan,2,1,False
154_totto18544-0,totto,1,1,False
157_8_nsf21310-tab002,nsf,1,1,False
1611,statcan,1,1,False
164_totto19519-2,totto,1,1,False
1650,statcan,2,1,False
169_84_tab1,nsf,5,1,False
16_totto2010-1,totto,1,1,False
170_totto20194-1,totto,1,1,False
1719,statcan,34,1,False
171_totto20263-1,totto,1,1,False
173_85_tab2,nsf,10,1,False
173_totto20569-2,totto,1,1,False
175,statcan,14,1,False
176_85_tab5,nsf,4,1,False
1781,statcan,7,1,False
17_127_tab1,nsf,4,1,False
1804,statcan,5,1,False
180_86_tab4,nsf,8,1,False
1820,statcan,7,1,False
1922,statcan,2,1,False
1945,statcan,2,1,False
194_90_tab3,nsf,6,1,False
195_totto23033-3,totto,1,1,False
208,statcan,1,1,False
2085,statcan,2,1,False
219_totto25435-1,totto,1,1,False
2212,statcan,4,1,False
225_totto25940-1,totto,1,1,False
2321,statcan,2,1,False
2337,statcan,3,1,False
2351,statcan,6,1,False
2387,statcan,10,1,False
2416,statcan,2,1,False
2449,statcan,3,1,False
246,statcan,12,1,False
256_totto28973-2,totto,1,1,False
259_totto29248-1,totto,1,1,False
261_totto29492-2,totto,1,1,False
2679,statcan,9,1,False
2786,statcan,5,1,False
2802,statcan,17,1,False
282_totto32129-3,totto,1,1,False
296_totto33915-1,totto,1,1,False
312,statcan,1,1,False
317_totto36273-3,totto,1,1,False
31_totto3620-4,totto,1,1,False
33_148_tab1,nsf,2,1,False
33_totto3844-3,totto,1,1,False
341_totto38862-3,totto,1,1,False
3_totto371-0,totto,1,1,False
422_totto48817-3,totto,1,1,False
43_totto4653-0,totto,1,1,False
444_totto51076-0,totto,1,1,False
448_totto51527-3,totto,1,1,False
455_totto52472-4,totto,1,1,False
457_totto52638-4,totto,1,1,False
45_totto5085-4,totto,1,1,False
476_totto54236-2,totto,1,1,False
48_164_tab1,nsf,11,1,False
510_totto58333-1,totto,1,1,False
511_totto58556-3,totto,1,1,False
520_totto59562-0,totto,1,1,False
543,statcan,2,1,False
544_totto62315-1,totto,1,1,False
549_totto62895-1,totto,1,1,False
554_totto63531-2,totto,1,1,False
564,statcan,1,1,False
582_totto66738-2,totto,1,1,False
589_totto67624-1,totto,2,1,False
58_173_tab3,nsf,4,1,False
62_18_nsf21300-tab004,nsf,1,1,False
639,statcan,2,1,False
692,statcan,5,1,False
743,statcan,1,1,False
83_totto9536-2,totto,1,1,False
88,statcan,2,1,False
96_49_nsf19321-tab004,nsf,2,1,False
974,statcan,2,1,False
97_totto11266-3,totto,1,1,False
986,statcan,1,1,False
98_50_nsf19317-tab003,nsf,4,1,False
990,statcan,1,1,False
1000,statcan,1,2,False
1012,statcan,2,2,False
103_54_nsf19316-tab001,nsf,4,2,False
104_54_nsf19316-tab002,nsf,1,2,False
1058,statcan,1,2,False
110_55_fs17-ib-19314-tab005,nsf,3,2,False
1135,statcan,7,2,False
113_55_fs17-ib-19314-tab008,nsf,2,2,False
113_totto13254-4,totto,1,2,False
1152,statcan,2,2,False
115_totto13326-0,totto,1,2,False
11_112_tab2,nsf,4,2,False
127_totto15135-0,totto,1,2,False
132_64_sdr17-ib-19307-tab002,nsf,3,2,False
1338,statcan,2,2,False
1408,statcan,2,2,False
141_68_herd17-ib-19302-tab003,nsf,3,2,False
141_totto16956-0,totto,1,2,False
145_7_nsf21316-tab002,nsf,2,2,False
1480,statcan,9,2,False
14_totto1727-0,totto,1,2,False
152_72_tab4,nsf,5,2,False
155_totto18587-0,totto,1,2,False
155_totto18606-2,totto,1,2,False
157_totto18855-3,totto,1,2,False
160_totto19082-1,totto,1,2,False
174_totto20721-3,totto,1,2,False
1799,statcan,1,2,False
1808,statcan,1,2,False
1815,statcan,1,2,False
1832,statcan,2,2,False
185_totto21874-0,totto,1,2,False
192_90_tab1,nsf,15,2,False
196_92_tab1,nsf,5,2,False
204_96_tab1,nsf,3,2,False
205,statcan,2,2,False
208_99_tab2,nsf,7,2,False
20_totto2507-2,totto,1,2,False
2107,statcan,2,2,False
2114,statcan,2,2,False
217_totto25217-0,totto,1,2,False
217_totto25257-2,totto,1,2,False
218_totto25331-3,totto,1,2,False
2197,statcan,1,2,False
2222,statcan,5,2,False
22_130_tab1,nsf,6,2,False
2374,statcan,17,2,False
2381,statcan,1,2,False
2401,statcan,8,2,False
240_totto27270-3,totto,1,2,False
242_totto27557-3,totto,1,2,False
2465,statcan,2,2,False
2467,statcan,4,2,False
24_totto2719-1,totto,1,2,False
2547,statcan,2,2,False
2605,statcan,2,2,False
267_totto30147-2,totto,1,2,False
272_totto31019-4,totto,1,2,False
27_138_tab2,nsf,5,2,False
291_totto33390-0,totto,1,2,False
296,statcan,6,2,False
2_102_tab1,nsf,10,2,False
313_totto35992-3,totto,1,2,False
318_totto36392-4,totto,1,2,False
330_totto37654-1,totto,1,2,False
337,statcan,2,2,False
344_totto39052-0,totto,1,2,False
348_totto39421-1,totto,1,2,False
35_totto4013-1,totto,1,2,False
390_totto45048-3,totto,2,2,False
402_totto46550-1,totto,1,2,False
425_totto49081-0,totto,2,2,False
42_totto4647-3,totto,1,2,False
439_totto50523-0,totto,1,2,False
447_totto51418-3,totto,2,2,False
44_totto4750-0,totto,1,2,False
451_totto51764-2,totto,1,2,False
472_totto54030-4,totto,1,2,False
473_totto54049-2,totto,1,2,False
474_totto54113-0,totto,1,2,False
477,statcan,12,2,False
477_totto54294-2,totto,1,2,False
499_totto57123-2,totto,1,2,False
49_164_tab2,nsf,5,2,False
504,statcan,5,2,False
513_totto58801-4,totto,1,2,False
518_totto59194-1,totto,1,2,False
51_164_tab4,nsf,2,2,False
534_totto61184-1,totto,1,2,False
53_totto6048-3,totto,1,2,False
545_totto62456-3,totto,1,2,False
557,statcan,12,2,False
559_totto63924-0,totto,1,2,False
560_totto64080-4,totto,1,2,False
606,statcan,11,2,False
61_18_nsf21300-tab003,nsf,6,2,False
63_2_nsf21324-tab001,nsf,4,2,False
675,statcan,6,2,True
69_totto7840-1,totto,1,2,False
744,statcan,10,2,False
751,statcan,10,2,False
77_31_nsf20309-tab003,nsf,2,2,False
81_41_nsf19326-tab003,nsf,4,2,False
901,statcan,4,2,False
91,statcan,1,2,False
912,statcan,8,2,False
918,statcan,25,2,False
94_totto10807-4,totto,1,2,False
955,statcan,13,2,False
97_50_nsf19317-tab001,nsf,3,2,False
1008,statcan,4,3,False
1063,statcan,1,3,False
1064,statcan,4,3,False
10_112_tab1,nsf,4,3,False
1103,statcan,4,3,False
111,statcan,1,3,False
1110,statcan,2,3,False
1127,statcan,2,3,False
117_totto13611-3,totto,1,3,False
1236,statcan,5,3,False
1256,statcan,12,3,False
1310,statcan,1,3,False
1352,statcan,2,3,False
136_65_pd17-ib-19306-tab001,nsf,5,3,False
146,statcan,4,3,False
146_totto17505-0,totto,1,3,False
149_72_tab1,nsf,2,3,False
149_totto17951-3,totto,1,3,False
1520,statcan,2,3,False
154_72_tab6,nsf,3,3,False
1575,statcan,5,3,False
159_8_nsf21310-tab004,nsf,1,3,False
159_totto18968-0,totto,1,3,False
159_totto19021-3,totto,1,3,False
161_80_tab2,nsf,2,3,False
1621,statcan,5,3,False
162_totto19263-0,totto,1,3,False
162_totto19334-4,totto,1,3,False
168_83_tab4,nsf,2,3,False
16_118_tab1,nsf,2,3,False
16_totto2005-0,totto,1,3,False
1727,statcan,5,3,False
1728,statcan,12,3,False
1790,statcan,2,3,False
1795,statcan,1,3,False
181_totto21381-0,totto,1,3,False
182_totto21517-0,totto,1,3,False
1851,statcan,1,3,False
1863,statcan,6,3,True
186_87_tab5,nsf,4,3,False
189_totto22363-1,totto,1,3,False
1902,statcan,13,3,False
1934,statcan,11,3,False
193_90_tab2,nsf,6,3,False
197_totto23227-2,totto,1,3,False
1997,statcan,25,3,False
206_98_tab1,nsf,3,3,False
207,statcan,3,3,False
2327,statcan,8,3,False
2336,statcan,2,3,False
239,statcan,10,3,False
2400,statcan,2,3,False
2424,statcan,2,3,False
2530,statcan,15,3,False
258_totto29175-3,totto,1,3,False
26,statcan,1,3,False
2654,statcan,7,3,False
2656,statcan,6,3,False
2657,statcan,1,3,False
2665,statcan,10,3,False
2673,statcan,1,3,False
2689,statcan,2,3,False
26_138_tab1,nsf,3,3,False
26_totto2898-2,totto,1,3,False
2799,statcan,5,3,False
27_totto3039-4,totto,1,3,False
292_totto33560-4,totto,1,3,False
294_totto33680-2,totto,1,3,False
297_totto34100-0,totto,1,3,False
29_totto3321-4,totto,1,3,False
301_totto34627-2,totto,1,3,False
302_totto34754-3,totto,1,3,False
31_totto3584-2,totto,1,3,False
339_totto38671-4,totto,1,3,False
341_totto38826-2,totto,1,3,False
342_totto38925-3,totto,1,3,False
349,statcan,10,3,False
358_totto40607-0,totto,1,3,False
3_102_tab2,nsf,7,3,False
3_totto391-2,totto,1,3,False
409_totto47530-4,totto,1,3,False
433,statcan,2,3,False
452_totto51826-1,totto,1,3,False
46_162_tab2,nsf,1,3,False
475_totto54188-3,totto,1,3,False
481_totto54847-2,totto,1,3,False
489_totto55717-0,totto,1,3,False
500_totto57205-4,totto,1,3,False
510_totto58432-4,totto,2,3,False
526_totto60126-0,totto,1,3,False
52_totto5923-0,totto,1,3,False
541_totto62041-2,totto,1,3,False
550_totto63148-3,totto,1,3,False
556_totto63673-2,totto,1,3,False
568,statcan,1,3,False
568_totto65037-2,totto,1,3,False
593_totto68246-1,totto,1,3,False
5_totto545-0,totto,1,3,False
612,statcan,2,3,False
647,statcan,1,3,False
64_2_nsf21324-tab002,nsf,8,3,False
702,statcan,3,3,False
72_3_nsf21317-tab001,nsf,2,3,False
76,statcan,2,3,False
76_31_nsf20309-tab002,nsf,6,3,False
79_41_nsf19326-tab001,nsf,9,3,False
85_totto9711-1,totto,1,3,False
863,statcan,1,3,False
87,statcan,2,3,False
923,statcan,17,3,False
106_totto12558-1,totto,1,4,False
107_55_fs17-ib-19314-tab002,nsf,2,4,False
108_55_fs17-ib-19314-tab003,nsf,5,4,False
109_55_fs17-ib-19314-tab004,nsf,1,4,False
110_totto12985-4,totto,1,4,False
1115,statcan,1,4,False
1123,statcan,1,4,False
1126,statcan,1,4,False
1173,statcan,13,4,False
118_totto13774-3,totto,1,4,False
122_58_ffrdc17-ib-19311-tab002,nsf,4,4,False
1231,statcan,1,4,False
125_6_nsf21309-tab002,nsf,2,4,False
126_6_nsf21309-tab003,nsf,2,4,False
131_64_sdr17-ib-19307-tab001,nsf,6,4,False
133_64_sdr17-ib-19307-tab003,nsf,4,4,False
139_68_herd17-ib-19302-tab001,nsf,2,4,False
139_totto16787-2,totto,1,4,False
140_68_herd17-ib-19302-tab002,nsf,7,4,False
1447,statcan,1,4,False
144_totto17350-2,totto,1,4,False
145_totto17471-1,totto,1,4,False
1488,statcan,6,4,False
150_72_tab2,nsf,1,4,False
156_77_tab2,nsf,5,4,False
1584,statcan,5,4,False
1598,statcan,2,4,False
15_117_tab2,nsf,2,4,False
15_totto1996-4,totto,1,4,False
167_83_tab3,nsf,2,4,False
170_84_tab2,nsf,8,4,False
175_totto20769-0,totto,1,4,False
177_totto21012-3,totto,1,4,False
1787,statcan,7,4,False
179_86_tab3,nsf,4,4,False
1846,statcan,2,4,False
1849,statcan,5,4,False
1896,statcan,11,4,False
189_89_tab2,nsf,3,4,False
189_totto22379-2,totto,1,4,False
190_89_tab3,nsf,2,4,False
1928,statcan,6,4,False
1937,statcan,2,4,False
195_90_tab4,nsf,3,4,False
195_totto23022-0,totto,1,4,False
1960,statcan,6,4,False
197_totto23269-4,totto,1,4,False
200_93_tab3,nsf,2,4,False
2064,statcan,1,4,False
207_99_tab1,nsf,2,4,False
2115,statcan,10,4,False
2123,statcan,3,4,False
213_totto24771-2,totto,2,4,False
2206,statcan,1,4,False
2305,statcan,19,4,False
2322,statcan,15,4,False
233_totto26648-3,totto,1,4,False
23_130_tab2,nsf,4,4,False
2420,statcan,1,4,False
2445,statcan,2,4,False
245_totto27915-3,totto,1,4,False
252_totto28605-4,totto,1,4,False
2537,statcan,2,4,False
2594,statcan,1,4,False
25_totto2774-0,totto,1,4,False
262_totto29562-2,totto,1,4,False
2714,statcan,5,4,False
2754,statcan,22,4,False
285_totto32702-4,totto,1,4,False
29_139_tab2,nsf,4,4,False
29_totto3243-0,totto,1,4,False
307_totto35144-1,totto,1,4,False
311_totto35665-1,totto,1,4,False
324_totto36920-3,totto,1,4,False
325_totto37154-4,totto,1,4,False
334,statcan,3,4,False
334_totto37996-2,totto,1,4,False
342_totto38959-4,totto,1,4,False
354,statcan,11,4,False
35_totto3999-0,totto,1,4,False
361,statcan,2,4,False
361_totto41133-3,totto,1,4,False
370_totto42695-4,totto,1,4,False
383_totto44313-4,totto,1,4,False
38_157_tab1,nsf,9,4,False
450,statcan,13,4,False
461_totto52894-1,totto,1,4,False
467_totto53408-1,totto,1,4,False
482_totto54915-0,totto,1,4,False
487_totto55448-1,totto,1,4,False
489,statcan,11,4,True
493_totto56233-3,totto,1,4,False
498_totto56981-0,totto,1,4,False
502_totto57437-2,totto,1,4,False
503_totto57539-1,totto,1,4,False
560,statcan,4,4,False
572_totto65522-2,totto,1,4,False
574,statcan,1,4,False
59_18_nsf21300-tab001,nsf,2,4,False
60_18_nsf21300-tab002,nsf,1,4,False
6_totto679-1,totto,1,4,False
722,statcan,10,4,False
74,statcan,2,4,False
75_31_nsf20309-tab001,nsf,4,4,False
81_totto9255-0,totto,1,4,False
84_totto9603-1,totto,1,4,False
875,statcan,1,4,False
91_47_nsf19320-tab004,nsf,8,4,False
92_48_nsf19322-tab001,nsf,2,4,False
9_11_nsf21304-tab002,nsf,4,4,False
1002,statcan,4,5,False
102_53_nsf19315-tab001,nsf,4,5,False
1047,statcan,5,5,False
106_totto12648-3,totto,1,5,False
120,statcan,22,5,False
1234,statcan,18,5,False
1288,statcan,4,5,False
1294,statcan,2,5,False
1325,statcan,1,5,False
1387,statcan,2,5,False
139_totto16773-1,totto,1,5,False
1442,statcan,1,5,False
1453,statcan,1,5,False
145_totto17493-3,totto,1,5,False
1486,statcan,5,5,False
14_117_tab1,nsf,2,5,False
150_totto17999-1,totto,1,5,False
1545,statcan,8,5,False
155_77_tab1,nsf,2,5,False
1568,statcan,1,5,False
1614,statcan,3,5,False
1623,statcan,3,5,False
165_83_tab1,nsf,1,5,False
170_totto20205-3,totto,1,5,False
171_totto20237-0,totto,1,5,False
175_85_tab4,nsf,2,5,False
1800,statcan,7,5,False
1806,statcan,1,5,False
184_87_tab2,nsf,6,5,False
184_totto21755-0,totto,1,5,False
185_87_tab4,nsf,2,5,False
186,statcan,1,5,False
1864,statcan,2,5,False
1892,statcan,16,5,False
1961,statcan,1,5,False
1965,statcan,3,5,False
1977,statcan,1,5,False
198_totto23306-2,totto,1,5,False
198_totto23407-4,totto,1,5,False
2001,statcan,10,5,False
2018,statcan,13,5,False
201_93_tab4,nsf,5,5,False
2101,statcan,4,5,False
210_totto24553-0,totto,1,5,False
216_totto25130-1,totto,1,5,False
219_totto25442-2,totto,2,5,False
21_128_tab4,nsf,2,5,False
2320,statcan,4,5,False
2350,statcan,2,5,False
2412,statcan,11,5,True
2415,statcan,2,5,False
241_totto27394-3,totto,2,5,False
2441,statcan,12,5,False
2454,statcan,2,5,False
256_totto29019-4,totto,1,5,False
258_totto29104-0,totto,1,5,False
2597,statcan,2,5,False
2624,statcan,1,5,False
2629,statcan,2,5,False
264_totto29779-1,totto,1,5,False
2663,statcan,10,5,False
2701,statcan,10,5,False
2734,statcan,1,5,False
273_totto31143-3,totto,1,5,False
2765,statcan,12,5,False
2801,statcan,2,5,False
306_totto35002-0,totto,1,5,False
334_totto37997-3,totto,1,5,False
339_totto38668-3,totto,1,5,False
354_totto40201-2,totto,1,5,False
35_151_tab2,nsf,7,5,False
368,statcan,8,5,False
401_totto46485-3,totto,2,5,False
402_totto46588-4,totto,1,5,False
41_159_tab2,nsf,5,5,False
429_totto49568-3,totto,1,5,False
42_totto4644-2,totto,1,5,False
430_totto49617-1,totto,1,5,False
431_totto49732-1,totto,1,5,False
443,statcan,1,5,False
446_totto51261-2,totto,1,5,False
467_totto53411-2,totto,1,5,False
468_totto53588-2,totto,1,5,False
474_totto54146-2,totto,1,5,False
483,statcan,1,5,False
494_totto56314-0,totto,1,5,False
497_totto56770-1,totto,1,5,False
499_totto57105-1,totto,1,5,False
504_totto57658-0,totto,1,5,False
50_164_tab3,nsf,4,5,False
533_totto61009-0,totto,1,5,False
540_totto61850-1,totto,1,5,False
541_totto62047-4,totto,1,5,False
547_totto62636-0,totto,1,5,False
564_totto64626-2,totto,1,5,False
579_totto66451-4,totto,1,5,False
604,statcan,4,5,False
617,statcan,2,5,False
65_20_nsf20316-tab001,nsf,9,5,False
6_107_tab1,nsf,3,5,False
71_25_nsf20312-tab003,nsf,5,5,False
77_totto8956-2,totto,1,5,False
78_31_nsf20309-tab004,nsf,6,5,False
80_totto9231-2,totto,1,5,False
82_41_nsf19326-tab005,nsf,4,5,False
88_totto10042-2,totto,1,5,False
89,statcan,1,5,False
9,statcan,2,5,False
913,statcan,6,5,False
95_49_nsf19321-tab003,nsf,7,5,False
1114,statcan,1,6,False
1118,statcan,2,6,True
115_totto13338-2,totto,1,6,False
1177,statcan,22,6,False
121_58_ffrdc17-ib-19311-tab001,nsf,3,6,False
1247,statcan,2,6,False
12_114_tab1,nsf,4,6,False
12_totto1372-1,totto,1,6,False
1304,statcan,10,6,False
1306,statcan,4,6,False
132_totto16111-1,totto,1,6,False
138_66_sgrd17-ib-19305-tab001,nsf,2,6,False
144_69_nscg17-ib19300-tab002,nsf,3,6,False
147_totto17603-4,totto,1,6,False
1494,statcan,18,6,False
1516,statcan,12,6,False
153_72_tab5,nsf,4,6,False
160_80_tab1,nsf,5,6,False
162_81_tab1,nsf,5,6,False
166_83_tab2,nsf,7,6,False
1672,statcan,1,6,False
174_85_tab3,nsf,4,6,False
1774,statcan,5,6,False
1784,statcan,2,6,False
1788,statcan,12,6,False
17_totto2135-4,totto,1,6,False
181_totto21453-2,totto,1,6,False
181_totto21471-3,totto,1,6,False
1836,statcan,2,6,False
184_totto21850-4,totto,1,6,False
1854,statcan,9,6,False
187_88_tab1,nsf,6,6,False
187_totto22100-1,totto,1,6,False
1901,statcan,10,6,False
1916,statcan,2,6,False
191_totto22681-0,totto,1,6,False
192_totto22724-0,totto,1,6,False
196_totto23098-0,totto,1,6,False
196_totto23102-1,totto,1,6,False
198_93_tab1,nsf,5,6,False
199_totto23531-3,totto,1,6,False
201_totto23681-2,totto,1,6,False
203_94_tab1,nsf,3,6,False
206_totto24167-1,totto,1,6,False
2075,statcan,2,6,False
2092,statcan,8,6,False
2211,statcan,5,6,False
224_totto25840-1,totto,1,6,False
229_totto26293-3,totto,1,6,False
239_totto27134-1,totto,1,6,False
23_totto2694-4,totto,1,6,False
2439,statcan,1,6,False
245,statcan,15,6,False
24_130_tab4,nsf,4,6,False
2542,statcan,1,6,False
2549,statcan,11,6,False
256_totto29004-3,totto,1,6,False
2585,statcan,6,6,False
2591,statcan,4,6,False
25_137_tab1,nsf,1,6,False
2688,statcan,8,6,False
2774,statcan,2,6,False
286_totto32873-4,totto,1,6,False
290_totto33381-4,totto,1,6,False
334_totto37998-4,totto,1,6,False
335_totto38017-1,totto,1,6,False
341_totto38823-1,totto,1,6,False
362_totto41358-3,totto,1,6,False
363_totto41484-3,totto,1,6,False
366_totto41955-1,totto,2,6,False
36_155_tab3,nsf,3,6,False
375_totto43183-1,totto,1,6,False
39_157_tab2,nsf,7,6,False
410_totto47595-2,totto,1,6,False
417_totto48301-4,totto,1,6,False
429_totto49488-0,totto,1,6,False
42_159_tab3,nsf,2,6,False
456_totto52531-0,totto,1,6,False
45_162_tab1,nsf,10,6,False
463_totto53148-3,totto,1,6,False
475_totto54180-1,totto,1,6,False
479_totto54637-4,totto,1,6,False
47_totto5319-4,totto,1,6,False
491,statcan,14,6,False
493_totto56244-4,totto,1,6,False
495_totto56606-3,totto,1,6,False
497,statcan,2,6,False
49_totto5578-4,totto,1,6,False
4_104_tab1,nsf,2,6,False
52_165_tab1,nsf,2,6,False
53_167_tab01,nsf,2,6,False
546_totto62564-2,totto,2,6,False
552_totto63371-4,totto,1,6,False
566_totto64834-3,totto,1,6,False
569_totto65108-0,totto,1,6,False
571_totto65371-2,totto,2,6,False
576_totto65983-0,totto,2,6,False
589_totto67635-2,totto,1,6,False
623,statcan,4,6,False
720,statcan,2,6,False
74_3_nsf21317-tab003,nsf,4,6,False
7_107_tab2,nsf,6,6,False
7_totto797-2,totto,1,6,False
81_totto9317-3,totto,1,6,False
85_totto9724-4,totto,1,6,False
86_totto9773-0,totto,1,6,False
900,statcan,1,6,False
91_totto10292-2,totto,1,6,False
94_49_nsf19321-tab002,nsf,7,6,False
963,statcan,2,6,False
1005,statcan,2,7,True
1060,statcan,1,7,False
1062,statcan,1,7,False
1120,statcan,3,7,False
1129,statcan,1,7,False
1137,statcan,2,7,False
1140,statcan,7,7,False
114_totto13285-3,totto,1,7,False
116_totto13465-3,totto,1,7,False
1179,statcan,10,7,False
117_totto13514-1,totto,1,7,False
1181,statcan,21,7,False
118_56_fac17-ib-19313-tab005,nsf,1,7,False
118_totto13711-1,totto,1,7,False
1193,statcan,19,7,False
1217,statcan,10,7,False
127_62_np16-ib-19308-tab001,nsf,5,7,False
128_totto15586-3,totto,1,7,False
1295,statcan,1,7,False
1296,statcan,3,7,False
1376,statcan,2,7,False
147,statcan,3,7,False
1479,statcan,4,7,False
151_72_tab3,nsf,4,7,False
1534,statcan,15,7,False
153_totto18518-3,totto,1,7,False
1550,statcan,4,7,False
158_8_nsf21310-tab003,nsf,5,7,False
1658,statcan,1,7,False
1670,statcan,8,7,False
171_84_tab3,nsf,4,7,False
178_totto21018-0,totto,1,7,False
17_totto2114-2,totto,1,7,False
182_86_tab6,nsf,2,7,False
185_totto21895-1,totto,1,7,False
18_127_tab2,nsf,6,7,False
1900,statcan,14,7,False
1931,statcan,1,7,False
195,statcan,10,7,False
1957,statcan,6,7,False
196_totto23116-2,totto,1,7,False
197_92_tab2,nsf,2,7,False
199_93_tab2,nsf,5,7,False
19_128_tab1,nsf,8,7,False
2013,statcan,3,7,False
201_totto23664-1,totto,2,7,False
203,statcan,2,7,False
205_96_tab2,nsf,7,7,False
205_totto24044-0,totto,1,7,False
209_99_tab3,nsf,12,7,False
20_totto2429-0,totto,1,7,False
215,statcan,1,7,False
216_totto25114-0,totto,2,7,False
225_totto25958-3,totto,1,7,False
2292,statcan,1,7,False
2301,statcan,4,7,False
2366,statcan,2,7,False
2383,statcan,1,7,False
23_totto2679-2,totto,1,7,False
253_totto28685-2,totto,1,7,False
2555,statcan,1,7,False
2558,statcan,6,7,False
2634,statcan,2,7,False
2715,statcan,1,7,False
272_totto30970-3,totto,1,7,False
292,statcan,3,7,False
293_totto33617-3,totto,1,7,False
295_totto33807-0,totto,1,7,False
297_totto34125-3,totto,1,7,False
304_totto34881-0,totto,1,7,False
30_totto3410-1,totto,1,7,False
311_totto35698-2,totto,1,7,False
342_totto38911-1,totto,1,7,False
34_151_tab1,nsf,11,7,False
362_totto41293-1,totto,1,7,False
37_155_tab4,nsf,6,7,False
394_totto45448-1,totto,4,7,False
396_totto45733-1,totto,1,7,False
426_totto49202-2,totto,1,7,False
435_totto50102-0,totto,1,7,False
43_16_nsf21306-tab001,nsf,2,7,False
446_totto51354-3,totto,1,7,False
471_totto53832-1,totto,1,7,False
507_totto58071-2,totto,1,7,False
522_totto59689-0,totto,1,7,False
531,statcan,2,7,False
562_totto64207-1,totto,1,7,False
56_173_tab1,nsf,6,7,False
570,statcan,1,7,False
599_totto69268-1,totto,1,7,False
5_totto570-2,totto,1,7,False
63_totto7285-3,totto,1,7,False
643,statcan,2,7,False
655,statcan,2,7,False
68_20_nsf20316-tab005,nsf,4,7,False
694,statcan,2,7,False
69_25_nsf20312-tab001,nsf,2,7,False
73_3_nsf21317-tab002,nsf,9,7,False
765,statcan,5,7,False
800,statcan,1,7,False
82_totto9331-0,totto,1,7,False
85_43_nsf19325-tab003,nsf,2,7,False
87_totto10008-4,totto,1,7,False
928,statcan,12,7,False
94_totto10728-1,totto,1,7,False
984,statcan,2,7,False
989,statcan,3,7,False
99,statcan,1,7,False
994,statcan,1,7,False
99_totto11565-0,totto,1,7,False
104_totto12361-4,totto,1,8,False
1066,statcan,2,8,False
106_totto12554-0,totto,1,8,False
10_totto1130-2,totto,1,8,False
117_totto13476-0,totto,1,8,False
119_57_herd16-ib-19303-tab001,nsf,1,8,False
1265,statcan,4,8,False
127_totto15206-2,totto,1,8,False
129_62_np16-ib-19308-tab003,nsf,3,8,False
12_totto1401-2,totto,1,8,False
1305,statcan,20,8,False
1341,statcan,5,8,False
1382,statcan,1,8,False
13_totto1596-4,totto,1,8,False
142_68_herd17-ib-19302-tab004,nsf,1,8,False
143_69_nscg17-ib19300-tab001,nsf,4,8,False
1461,statcan,1,8,False
1476,statcan,19,8,False
148_70_tab5,nsf,4,8,False
1502,statcan,4,8,False
150_totto18056-4,totto,1,8,False
155_totto18640-4,totto,1,8,False
1609,statcan,6,8,False
163_81_tab2,nsf,6,8,False
1649,statcan,2,8,False
164_81_tab3,nsf,1,8,False
167_totto19865-3,totto,1,8,False
172_85_tab1,nsf,11,8,False
1818,statcan,8,8,False
181_86_tab5,nsf,7,8,False
1831,statcan,4,8,False
1838,statcan,2,8,False
183_87_tab1,nsf,5,8,False
1887,statcan,10,8,False
188_89_tab1,nsf,2,8,False
191_89_tab4,nsf,10,8,False
1939,statcan,2,8,False
196_totto23121-3,totto,1,8,False
1_1_nsf21326-tab003,nsf,1,8,False
202_93_tab5,nsf,2,8,False
2046,statcan,1,8,False
2049,statcan,9,8,False
2122,statcan,2,8,False
2237,statcan,13,8,False
2293,statcan,2,8,False
2303,statcan,13,8,False
2410,statcan,6,8,False
2417,statcan,2,8,False
2433,statcan,5,8,False
2452,statcan,2,8,False
246_totto27927-1,totto,1,8,False
249_totto28174-1,totto,1,8,False
25_totto2799-2,totto,1,8,False
2643,statcan,3,8,False
265_totto29897-3,totto,1,8,False
268_totto30180-0,totto,1,8,False
2733,statcan,1,8,False
2780,statcan,2,8,False
27_totto3036-3,totto,1,8,False
298_totto34205-0,totto,1,8,False
299_totto34522-4,totto,1,8,False
308,statcan,2,8,False
310_totto35588-4,totto,1,8,False
312_totto35795-1,totto,1,8,False
324_totto36941-4,totto,1,8,False
332_totto37878-3,totto,1,8,False
343,statcan,16,8,False
356_totto40466-3,totto,2,8,False
35_totto4060-3,totto,1,8,False
37,statcan,1,8,False
379_totto43584-0,totto,1,8,False
380_totto44033-3,totto,1,8,False
390_totto45059-4,totto,2,8,False
407,statcan,6,8,False
408,statcan,7,8,False
40_159_tab1,nsf,5,8,False
415_totto48055-2,totto,1,8,True
41_totto4556-0,totto,1,8,False
435,statcan,10,8,False
449_totto51603-1,totto,1,8,False
44_161_tab1,nsf,5,8,False
45_totto4908-2,totto,1,8,False
462_totto53088-4,totto,1,8,False
466_totto53374-3,totto,1,8,False
498_totto57033-3,totto,1,8,False
509_totto58321-4,totto,1,8,False
530_totto60719-1,totto,2,8,False
54_167_tab02,nsf,5,8,False
55,statcan,1,8,False
552_totto63307-2,totto,1,8,False
558_totto63760-0,totto,2,8,False
55_167_tab03,nsf,3,8,False
571_totto65328-0,totto,1,8,False
579,statcan,1,8,False
57_173_tab2,nsf,2,8,False
5_104_tab2,nsf,2,8,False
60_totto7004-1,totto,1,8,False
64,statcan,2,8,False
640,statcan,1,8,False
65_totto7347-0,totto,1,8,False
66_20_nsf20316-tab002,nsf,2,8,False
72_totto8503-3,totto,1,8,False
746,statcan,8,8,False
780,statcan,1,8,False
80_41_nsf19326-tab002,nsf,4,8,False
873,statcan,3,8,False
889,statcan,3,8,False
8_11_nsf21304-tab001,nsf,1,8,False
919,statcan,12,8,False
98,statcan,1,8,False
