id,table_id,table_source,sentence_id,sub_sentence_id,sub_sentence,question,answer,aggregation,linked_cells,answer_formulas,reference_cells_map,qa_type
88d1459e99dabcc8efddd55b087dd2a6,1005,statcan,5783,1,"among black immigrant women, the employment rate was higher for women born in the caribbean or in latin america than for women born in africa.","among black immigrant women, which region of birth has a higher the employment rate? women born in the caribbean or in latin america tor women born in africa?",['caribbean and latin america'],['pair-argmax'],"{'entity_link': {'top': {'black immigrant women': {'(0, 1)': 'women'}, 'the employment rate': {'(1, 1)': 'employment rate'}}, 'left': {'in africa': {'(4, 0)': 'africa'}, '[ANSWER]': {'(3, 0)': 'caribbean and latin america'}}, 'top_left_corner': {}}, 'quantity_link': {}}",['=A6'],"{'A6': '(3, 0)'}",single-op
5a4282c6be891490fcc018c2cba63deb,1005,statcan,5785,1,"among women, immigrants from somalia, sudan, the democratic republic of the congo and nigeria had the lowest employment rates.",which top 4 countries of birth had the lowest the lowest employment rates?,"['democratic republic of the congo', 'nigeria', 'somalia', 'sudan']",['topk-argmin'],"{'entity_link': {'top': {'women': {'(0, 1)': 'women'}, 'employment rates': {'(1, 1)': 'employment rate'}}, 'left': {'[ANSWER]': {'(26, 0)': 'democratic republic of the congo', '(28, 0)': 'nigeria', '(18, 0)': 'somalia', '(20, 0)': 'sudan'}}, 'top_left_corner': {}}, 'quantity_link': {}}","['=A29', '=A31', '=A21', '=A23']","{'A29': '(26, 0)', 'A31': '(28, 0)', 'A21': '(18, 0)', 'A23': '(20, 0)'}",single-op
d3ce18358e356dc43fd8d8566b3fd119,1118,statcan,6360,1,the lowest surgical rate is 14% in prince edward.,list the province where the surgical rate is lowest and the number of the rate.,"['prince edward island', 13.6]","['argmin', 'min']","{'entity_link': {'top': {'surgical rate': {'(1, 3)': 'percent'}}, 'left': {'prince edward': {'(4, 0)': 'prince edward island'}, '[ANSWER]': {'(4, 0)': 'prince edward island'}}, 'top_left_corner': {}}, 'quantity_link': {'[ANSWER]': {'(4, 3)': 13.6}}}","['=A7', '=D7']","{'A7': '(4, 0)', 'D7': '(4, 3)'}",multi-op
a74d199800bf3c2b4a63aa24e1f0d007,1118,statcan,6360,1(1),the highest surgical rate is 25% in new brunswick.,list the province where the surgical rate is highest and the number of the rate.,"['new brunswick', 25.1]","['argmax', 'max']","{'entity_link': {'top': {'surgical rate': {'(1, 3)': 'percent'}}, 'left': {'new brunswick': {'(6, 0)': 'new brunswick'}, '[ANSWER]': {'(6, 0)': 'new brunswick'}}, 'top_left_corner': {}}, 'quantity_link': {'[ANSWER]': {'(6, 3)': 25.1}}}","['=A9', '=D9']","{'A9': '(6, 0)', 'D9': '(6, 3)'}",multi-op
86ae38dcd4a061e5d458c999a857c4da,1863,statcan,10500,1,"for newfoundland and labrador, saskatchewan, and british columbia, more than half of the interprovincial employment income received in 2011 came from alberta.",for which country does more than half of the interprovincial employment income received in 2011 coming from alberta?,"['newfoundland and labrador', 'saskatchewan', 'british columbia']",['greater_than'],"{'entity_link': {'top': {'[ANSWER]': {'(1, 1)': 'newfoundland and labrador', '(1, 8)': 'saskatchewan', '(1, 10)': 'british columbia'}}, 'left': {'alberta': {'(11, 0)': 'alberta'}}, 'top_left_corner': {'interprovincial employment income': {'(0, 0)': 'source of interprovincial employment income'}}}, 'quantity_link': {}}","['=B4', '=I4', '=K4']","{'B4': '(1, 1)', 'I4': '(1, 8)', 'K4': '(1, 10)'}",single-op
95958bee4c4a4e84875c99b00b8bba8c,1863,statcan,10501,1,"wages and salaries earned in alberta also accounted for 31% to 45% of interprovincial employment income received that year by prince edward island, nova scotia, new brunswick, manitoba, and the northwest territories.","what is the range of wages and salaries earned in alberta accounting for in prince edward island, nova scotia, new brunswick, manitoba, and the northwest territories?","[30.6, 45.3]",['range'],"{'entity_link': {'top': {'prince edward island': {'(1, 2)': 'prince edward island'}, 'nova scotia': {'(1, 3)': 'nova scotia'}, 'new brunswick': {'(1, 4)': 'new brunswick'}, 'manitoba': {'(1, 7)': 'manitoba'}, 'northwest territories': {'(1, 11)': 'northwest territories'}}, 'left': {'alberta': {'(11, 0)': 'alberta'}}, 'top_left_corner': {'interprovincial employment income': {'(0, 0)': 'source of interprovincial employment income'}}}, 'quantity_link': {'[ANSWER]': {'(11, 7)': 30.6, '(11, 2)': 45.3}}}","['=H14', '=C14']","{'H14': '(11, 7)', 'C14': '(11, 2)'}",single-op
bb963f80fd1584cfad39d057515c1dff,1863,statcan,10502,1,quebec drew 92% of its interprovincial employment income from ontario.,what is the percentage of quebec's interprovincial employment income from ontario?,[91.7],['none'],"{'entity_link': {'top': {'quebec': {'(1, 5)': 'quebec'}}, 'left': {'ontario': {'(8, 0)': 'ontario'}}, 'top_left_corner': {'interprovincial employment income': {'(0, 0)': 'source of interprovincial employment income'}}}, 'quantity_link': {'[ANSWER]': {'(8, 5)': 91.7}}}",['=F11'],"{'F11': '(8, 5)'}",lookup (none)
b4efb6f744a3ba29970e781593a09119,1863,statcan,10502,2,ontario obtained more than half of its interprovincial employment income from quebec.,what is the percentage of ontario's interprovincial employment income from quebec?,[57.8],['none'],"{'entity_link': {'top': {'ontario': {'(1, 6)': 'ontario'}}, 'left': {'quebec': {'(7, 0)': 'quebec'}}, 'top_left_corner': {'interprovincial employment income': {'(0, 0)': 'source of interprovincial employment income'}}}, 'quantity_link': {'[ANSWER]': {'(7, 6)': 57.8}}}",['=G10'],"{'G10': '(7, 6)'}",lookup (none)
da2c28cee41d0bb327af184517e9b064,1863,statcan,10503,1,almost half of yukon's interprovincial earnings were from british columbia.,what is the percentage of yukon's interprovincial earnings from british columbia?,[47.5],['none'],"{'entity_link': {'top': {'yukon': {'(1, 12)': 'yukon'}}, 'left': {'british columbia': {'(12, 0)': 'british columbia'}}, 'top_left_corner': {'interprovincial earnings': {'(0, 0)': 'source of interprovincial employment income'}}}, 'quantity_link': {'[ANSWER]': {'(12, 12)': 47.5}}}",['=M15'],"{'M15': '(12, 12)'}",lookup (none)
ba18ce343294675467fcc1a74ee4b486,1863,statcan,10504,1,"the northwest territories, ontario, and quebec were the three largest sources of interprovincial earnings for nunavut residents.",which countries are the three largest sources of interprovincial earnings for nunavut residents?,"['northwest territories', 'ontario', 'quebec']",['topk-argmax'],"{'entity_link': {'top': {'nunavut': {'(1, 13)': 'nunavut'}}, 'left': {'[ANSWER]': {'(13, 0)': 'northwest territories', '(8, 0)': 'ontario', '(7, 0)': 'quebec'}}, 'top_left_corner': {'sources of interprovincial earnings': {'(0, 0)': 'source of interprovincial employment income'}}}, 'quantity_link': {}}","['=A16', '=A11', '=A10']","{'A16': '(13, 0)', 'A11': '(8, 0)', 'A10': '(7, 0)'}",single-op
3688b6bdc3c80429902d242fc06a3ac7,415_totto48055-2,totto,0,1,south dakota is the seventeenth largest state by area of the 50 united states.,what is the south dakota's rank of largest state by area of the 50 united states?,[17.0],['kth-argmax'],"{'entity_link': {'top': {}, 'left': {'south dakota': {'(18, 0)': 'south dakota'}}, 'top_left_corner': {'50': {'(1, 0)': 'state federal district or territory'}}}, 'quantity_link': {'[ANSWER]': {'(18, 1)': 17.0}}}",['=B21'],"{'B21': '(18, 1)'}",single-op
ff0fd1234326361cf0c36bdcb09eb9fb,489,statcan,2655,1,"in 2014, 48.1% of canadians aged 12 or older reported using or being exposed to beams from a laser device in the previous 12 months.","in 2014, what was the proportion of canadians aged 12 or older reported using or being exposed to beams from a laser device in the previous 12 months?",[48.15],['average'],"{'entity_link': {'top': {'%': {'(0, 1)': '%'}}, 'left': {'canadians aged 12 or older': {'(2, 0)': 'sex'}}, 'top_left_corner': {}}, 'quantity_link': {'[ANSWER]': {'(3, 1)': 46.9, '(4, 1)': 49.4}}}",['=AVERAGE(B6:B7)'],"{'B6': '(3, 1)', 'B7': '(4, 1)'}",single-op
3d5616ce115a3f5883b9c462a34b93ee,489,statcan,2656,1,the odds of canadian males using or being exposed to a laser device were 1.12 times higher than for females.,how many times were the odds of canadian males using or being exposed to a laser device higher than for females?,[1.12],['div'],"{'entity_link': {'top': {'odds': {'(0, 4)': 'odds ratio'}}, 'left': {'males': {'(4, 0)': 'male'}, 'females': {'(3, 0)': 'female'}}, 'top_left_corner': {}}, 'quantity_link': {'[ANSWER]': {'(4, 4)': 1.12, '(3, 4)': 1.0}}}",['=E7/E6'],"{'E7': '(4, 4)', 'E6': '(3, 4)'}",single-op
bc649478fb9c69bd633fc36551b43460,489,statcan,2657,1,a higher prevalence of exposure was also reported in 12 to 17 age group compared with the 45 or older age group.,"between 12 to 17 age group and 45 or older age group, which had a higher prevalence of exposure?",['12 to 17'],['pair-argmax'],"{'entity_link': {'top': {'prevalence of exposure': {'(0, 1)': '%'}}, 'left': {'12 to 17 age group': {'(6, 0)': '12 to 17'}, '45 or older age group': {'(9, 0)': '45 or older'}, '[ANSWER]': {'(6, 0)': '12 to 17'}}, 'top_left_corner': {}}, 'quantity_link': {}}",['=A9'],"{'A9': '(6, 0)'}",single-op
240b502eff730eec99f67b54e2482ba5,489,statcan,2657,2,a higher prevalence of exposure was also reported in 18 to 34 age group compared with the 45 or older age group.,"between 18 to 34 age group and 45 or older age group, which had a higher prevalence of exposure?",['18 to 34'],['pair-argmax'],"{'entity_link': {'top': {'prevalence of exposure': {'(0, 1)': '%'}}, 'left': {'18 to 34 age group': {'(7, 0)': '18 to 34'}, '45 or older age group': {'(9, 0)': '45 or older'}, '[ANSWER]': {'(7, 0)': '18 to 34'}}, 'top_left_corner': {}}, 'quantity_link': {}}",['=A10'],"{'A10': '(7, 0)'}",single-op
05b91f0e5d101c34c38bffe43f0b98f9,489,statcan,2657,3,a higher prevalence of exposure was also reported in 35 to 44 age group compared with the 45 or older age group.,"between 35 to 44 age group and 45 or older age group, which had a higher prevalence of exposure?",['35 to 44'],['pair-argmax'],"{'entity_link': {'top': {'prevalence of exposure': {'(0, 1)': '%'}}, 'left': {'35 to 44 age group': {'(8, 0)': '35 to 44'}, '45 or older age group': {'(9, 0)': '45 or older'}, '[ANSWER]': {'(8, 0)': '35 to 44'}}, 'top_left_corner': {}}, 'quantity_link': {}}",['=A11'],"{'A11': '(8, 0)'}",single-op
29ebbb4a2e70eb94d79c9222ce711f29,489,statcan,2659,1,"the prevalence of laser use or exposure was 58.6% among canadians with a ""university certificate, diploma or degree"".","what was the prevalence of laser use or exposure among canadians with a ""university certificate, diploma or degree"".",[58.6],['none'],"{'entity_link': {'top': {'%': {'(0, 1)': '%'}}, 'left': {'university certificate, diploma or degree': {'(13, 0)': 'university certificate, diploma or degree'}}, 'top_left_corner': {}}, 'quantity_link': {'[ANSWER]': {'(13, 1)': 58.6}}}",['=B16'],"{'B16': '(13, 1)'}",lookup (none)
23f9f8fb20a3625de81a792ab7a1ab67,489,statcan,2659,2,"the prevalence of laser use or exposure was 50.2% among canadians with a ""some postsecondary education (certificate or diploma including trades)"".","what was the prevalence of laser use or exposure among canadians with a ""some postsecondary education (certificate or diploma including trades)"".",[50.2],['none'],"{'entity_link': {'top': {'%': {'(0, 1)': '%'}}, 'left': {'some postsecondary education': {'(12, 0)': 'some postsecondary education'}}, 'top_left_corner': {}}, 'quantity_link': {'[ANSWER]': {'(12, 1)': 50.2}}}",['=B15'],"{'B15': '(12, 1)'}",lookup (none)
177390bf54bd0f9f4bcf2d41ceef4c6f,489,statcan,2659,3,"the prevalence of laser use or exposure was 39.1% among canadians with a ""secondary diploma or equivalent or less"".","what was the prevalence of laser use or exposure among canadians with a ""secondary diploma or equivalent or less"".",[39.1],['none'],"{'entity_link': {'top': {'%': {'(0, 1)': '%'}}, 'left': {'secondary diploma or equivalent or less': {'(11, 0)': 'secondary diploma or equivalent or less'}}, 'top_left_corner': {}}, 'quantity_link': {'[ANSWER]': {'(11, 1)': 39.1}}}",['=B14'],"{'B14': '(11, 1)'}",lookup (none)
4041b58814f47c151d6e8bf7d2608d97,489,statcan,2661,1,canadians who were self-employed reported a lower prevalence of exposure or usage of laser products compared with those who were employed by a company or organization.,did canadians self-employed have a lower prevalence of exposure or usage of laser products or did those who were employed by a company or organization?,['self-employed / family business no pay'],['pair-argmin'],"{'entity_link': {'top': {'prevalence': {'(0, 1)': '%'}}, 'left': {'self-employed': {'(21, 0)': 'self-employed / family business no pay'}, 'employed by a company or organization': {'(20, 0)': 'employee'}, '[ANSWER]': {'(21, 0)': 'self-employed / family business no pay'}}, 'top_left_corner': {}}, 'quantity_link': {}}",['=A24'],"{'A24': '(21, 0)'}",single-op
65ed1214f82f0d84f1e2d45743daaa19,489,statcan,2662,1,"compared with the prevalence in ontario, the prevalence of canadians who were exposed to or used laser products was found to be higher in the western provinces.",was the prevalence of canadians who were exposed to or used laser products in ontario higher or was that in the western provinces?,['western provinces'],['pair-argmax'],"{'entity_link': {'top': {'prevalence': {'(0, 1)': '%'}}, 'left': {'ontario': {'(34, 0)': 'ontario'}, 'the western provinces': {'(31, 0)': 'western provinces'}, '[ANSWER]': {'(31, 0)': 'western provinces'}}, 'top_left_corner': {}}, 'quantity_link': {}}",['=A34'],"{'A34': '(31, 0)'}",single-op
3ae7cee5cb30b56410fbda4582084662,489,statcan,2662,2,"compared with the prevalence in ontario, the prevalence of canadians who were exposed to or used laser products was found to be lower in quebec.",was the prevalence of canadians who were exposed to or used laser products in ontario higher or was that in quebec?,['quebec'],['pair-argmin'],"{'entity_link': {'top': {'prevalence': {'(0, 1)': '%'}}, 'left': {'ontario': {'(34, 0)': 'ontario'}, 'quebec': {'(32, 0)': 'quebec'}, '[ANSWER]': {'(32, 0)': 'quebec'}}, 'top_left_corner': {}}, 'quantity_link': {}}",['=A35'],"{'A35': '(32, 0)'}",single-op
dc3461f224964560d809c3196de7c042,108,statcan,444,1,research has shown that food insecurity tends to be higher among women than men.,"which gender in research has shown that food insecurity tends to be higher, women or men?",['women'],['greater_than'],"{'entity_link': {'top': {'food insecurity': {'(0, 1)': 'predicted probabilities'}}, 'left': {'men': {'(2, 0)': 'men'}, 'women': {'(3, 0)': 'women'}, '[ANSWER]': {'(3, 0)': 'women'}}, 'top_left_corner': {}}, 'quantity_link': {}}",['=A6'],"{'A6': '(3, 0)'}",single-op
dc3252c8ef437720da6d688ca99b0e50,108,statcan,445,1,inuit women aged 25 and over living in inuit nunangat had a significantly higher probability of living in a food insecure household-56% versus 47% for inuit men.,"which gender of inuit aged 25 and over living in inuit nunangat had a significantly higher probability of living in a food insecure household, women or men?",['women'],['greater_than'],"{'entity_link': {'top': {'probability of living in a food insecure household': {'(0, 1)': 'predicted probabilities'}}, 'left': {'inuit women': {'(3, 0)': 'women'}, 'men': {'(2, 0)': 'men'}, '[ANSWER]': {'(3, 0)': 'women'}}, 'top_left_corner': {}}, 'quantity_link': {}}",['=A6'],"{'A6': '(3, 0)'}",single-op
c8c89313b4c13bbc4055fd623bfdeda1,108,statcan,446,1,"with regard to age, research has found that older individuals are less likely to live in a food insecure household.",which age group of indivuduals have research found are less likely to live in a food insecure household?,['55 and over'],['argmin'],"{'entity_link': {'top': {}, 'left': {'with regard to age': {'(4, 0)': 'age group'}, 'older individuals': {'(7, 0)': '55 and over'}, '[ANSWER]': {'(7, 0)': '55 and over'}}, 'top_left_corner': {}}, 'quantity_link': {}}",['=A10'],"{'A10': '(7, 0)'}",single-op
9723a2fcf92a6474ccdcd9857d9e8105,108,statcan,449,1,the probability of living in a food insecure household was also significantly greater for individuals who lived with relatives.,what was the probability of living in a food insecure household for individuals who lived with relatives?,[0.585],['none'],"{'entity_link': {'top': {'probability': {'(0, 1)': 'predicted probabilities'}}, 'left': {'with relatives': {'(12, 0)': 'with relatives'}}, 'top_left_corner': {}}, 'quantity_link': {'[ANSWER]': {'(12, 1)': 0.585}}}",['=B15'],"{'B15': '(12, 1)'}",lookup (none)
fbec0645ab88db105dba5ac29b3bdc69,108,statcan,450,1,"among inuit aged 25 and over living in inuit nunangat, the probability of living in a food insecure household was significantly higher for those living with more than one person per room compared with those not in a crowded dwelling.","among inuit aged 25 and over living in inuit nunangat, which type of householde crowding had higher probability of living in a food insecure household, those living with more than one person per room or those not in a crowded dwelling?",['more than one person per room'],['greater_than'],"{'entity_link': {'top': {}, 'left': {'more than one person per room': {'(16, 0)': 'more than one person per room'}, 'not in a crowded dwelling': {'(15, 0)': 'one person or less per room'}, '[ANSWER]': {'(16, 0)': 'more than one person per room'}}, 'top_left_corner': {}}, 'quantity_link': {}}",['=A19'],"{'A19': '(16, 0)'}",single-op
afdb6dbb1c9b959ef547299b98fac103,108,statcan,452,1,"among inuit aged 25 and over in inuit nunangat, the probability of experiencing food insecurity was 45% for those who had completed high school.","among inuit aged 25 and over in inuit nunangat, what was the probability of experiencing food insecurity for those who had completed high school?",[0.449],['none'],"{'entity_link': {'top': {'probability': {'(0, 1)': 'predicted probabilities'}}, 'left': {'had completed high school': {'(19, 0)': 'completed high school'}}, 'top_left_corner': {}}, 'quantity_link': {'[ANSWER]': {'(19, 1)': 0.449}}}",['=B22'],"{'B22': '(19, 1)'}",lookup (none)
7de12c1677401aa44e4fd7cff46b43f8,108,statcan,452,2,"among inuit aged 25 and over in inuit nunangat, the probability of experiencing food insecurity was 55% for those who had not completed high school.","among inuit aged 25 and over in inuit nunangat, what was the probability of experiencing food insecurity for those who had not completed high school?",[0.547],['none'],"{'entity_link': {'top': {'probability': {'(0, 1)': 'predicted probabilities'}}, 'left': {'had not completed high school': {'(18, 0)': 'did not complete high school'}}, 'top_left_corner': {}}, 'quantity_link': {'[ANSWER]': {'(18, 1)': 0.547}}}",['=B21'],"{'B21': '(18, 1)'}",lookup (none)
ab6c74eb504dbf27fa8ba70d0f97a643,108,statcan,453,1,inuit adults 25 and older who were employed were less likely to live in a food insecure household compared with those who were unemployed.,"which group of inuit adults 25 and older were less likely to live in a food insecure household, those who were employed or those who were unemployed?",['employed'],['less_than'],"{'entity_link': {'top': {}, 'left': {'who were employed': {'(21, 0)': 'employed'}, 'who were unemployed': {'(22, 0)': 'unemployed'}, '[ANSWER]': {'(21, 0)': 'employed'}}, 'top_left_corner': {}}, 'quantity_link': {}}",['=A24'],"{'A24': '(21, 0)'}",single-op
292cd04f5e5ae19d072f5d6ac765a255,108,statcan,454,1,"at the same time, the probability of experiencing food insecurity among those not in the labour force, compared to individuals who were employed, was also significantly greater at 58%.","at the same time, what was the probability of experiencing food insecurity among those not in the labour force, compared to individuals who were employed?",[0.577],['none'],"{'entity_link': {'top': {'the probability of experiencing food insecurity': {'(0, 1)': 'predicted probabilities'}}, 'left': {'not in the labour force': {'(23, 0)': 'not in the labour force'}, 'employed': {'(21, 0)': 'employed'}}, 'top_left_corner': {}}, 'quantity_link': {'[ANSWER]': {'(23, 1)': 0.577}}}",['=B26'],"{'B26': '(23, 1)'}",lookup (none)
4fa939a9b5e8dd0db35914d76d5c2833,108,statcan,455,1,"after controlling for other factors, inuit aged 25 and over who had a household income below the median had a 61% probability of living in a food insecure household.","after controlling for other factors, what was the probability of inuit aged 25 and over living in a food household who had a household income below the median living?",[0.606],['none'],"{'entity_link': {'top': {'probability of living in a food insecure household': {'(0, 1)': 'predicted probabilities'}}, 'left': {'household income below the median': {'(25, 0)': 'below median income'}}, 'top_left_corner': {}}, 'quantity_link': {'[ANSWER]': {'(25, 1)': 0.606}}}",['=B28'],"{'B28': '(25, 1)'}",lookup (none)
aaa1990429d2a650c9b6b049de6f2115,108,statcan,455,2,"after controlling for other factors, inuit aged 25 and over who had a household income above the median had a 42% probability of living in a food insecure household.","after controlling for other factors, what was the probability of inuit aged 25 and over living in a food household who had a household income above the median living?",[0.424],['none'],"{'entity_link': {'top': {'probability of living in a food insecure household': {'(0, 1)': 'predicted probabilities'}}, 'left': {'household income above the median': {'(26, 0)': 'above or equal to median income'}}, 'top_left_corner': {}}, 'quantity_link': {'[ANSWER]': {'(26, 1)': 0.424}}}",['=B29'],"{'B29': '(26, 1)'}",lookup (none)
43fc4acb0798175b01a0f8177dea4013,108,statcan,456,1,"among inuit adults aged 25 and over living in inuit nunangat, those with strong or very strong extended family ties have a significantly lower probability of living in a food insecure household compared to those with weaker family ties.","among inuit adults aged 25 and over living in inuit nunangat, which type has a significantly lower probability of living in a food insecure household, those with strong or very strong extended family ties or those with weaker family ties?",['strong or very strong family ties'],['less_than'],"{'entity_link': {'top': {}, 'left': {'with strong or very strong extended family ties': {'(29, 0)': 'strong or very strong family ties'}, 'those with weaker family ties': {'(28, 0)': 'moderate to very weak family ties'}, '[ANSWER]': {'(29, 0)': 'strong or very strong family ties'}}, 'top_left_corner': {}}, 'quantity_link': {}}",['=A32'],"{'A32': '(29, 0)'}",single-op
450d336b2157e936ca9d34d14a4139a1,108,statcan,458,1,inuit adults living in a rural area have a significantly higher probability of living in a food insecure household compared to those in small population centres after controlling for other factors.,"which type of inuit adults has a significantly higher probability of living in a food insecure household, living in a rural area or those in small population centres?",['rural areas'],['greater_than'],"{'entity_link': {'top': {}, 'left': {'living in a rural area': {'(31, 0)': 'rural areas'}, 'in small population centres': {'(31, 0)': 'rural areas'}, '[ANSWER]': {'(31, 0)': 'rural areas'}}, 'top_left_corner': {}}, 'quantity_link': {}}",['=A34'],"{'A34': '(31, 0)'}",single-op
8820e18b02d7521046c55cf01cef605d,2412,statcan,12905,1,"in 2016, 9.9% of canadian workers aged 25 to 59 with at least a bachelor's degree were overqualified.",what was the percentage of canadian workers aged 25 to 59 with at least a bachelor's degree overqualified?,[9.9],['sum'],"{'entity_link': {'top': {}, 'left': {}, 'top_left_corner': {}}, 'quantity_link': {'[ANSWER]': {'(6, 1)': 5.3, '(4, 1)': 4.6}}}",['=B7+B9'],"{'B7': '(4, 1)', 'B9': '(6, 1)'}",single-op
14bfcf0d510917172a6357ad36137b90,2412,statcan,12906,1,immigrants were more likely to be overqualified than non-immigrants.,"who were more likely to be overqualified,immigrants or non-immigrants ?",['immigrants'],"['sum', 'pair-argmax']","{'entity_link': {'top': {'[ANSWER]': {'(0, 3)': 'immigrants'}}, 'left': {}, 'top_left_corner': {}}, 'quantity_link': {}}",['=D3'],"{'D3': '(0, 3)'}",multi-op
759b96506ad85a6b562ed3c525408fce,2412,statcan,12907,1,"by combining information regarding the jobs and characteristics of the same workers in 2006 and 2016, there are four possible trajectories.",how many possible trajectories in 2006 and 2016 ?,[4],['counta'],"{'entity_link': {'top': {}, 'left': {'[ANSWER]': {'(5, 0)': 'end of overqualification (overqualification in 2006, not in 2016)', '(3, 0)': 'no overqualification', '(6, 0)': 'persistent overqualification', '(4, 0)': 'start of overqualification'}}, 'top_left_corner': {'possible trajectories': {'(0, 0)': '2006 to 2016 trajectory'}}}, 'quantity_link': {}}",['=COUNTA(A6:A9)'],"{'A6': '(3, 0)', 'A9': '(6, 0)'}",single-op
6ae6d5554d7bad5a4c43b997a8fb5883,2412,statcan,12908,1,"among all workers aged 25 to 49 in 2006 who had a bachelor's degree or higher,note 1 in 5 experienced overqualification at least once during the two years observed.",what was the percentage of workers experienced overqualification at least once during the two years observed ?,[19.6],['sum'],"{'entity_link': {'top': {}, 'left': {}, 'top_left_corner': {}}, 'quantity_link': {'[ANSWER]': {'(6, 1)': 5.3, '(5, 1)': 9.7, '(4, 1)': 4.6}}}",['=SUM(B7:B9+0)'],"{'B7': '(4, 1)', 'B9': '(6, 1)'}",single-op
dc338aa2b3ec9f5ceafa9263235083a1,2412,statcan,12909,1,"immigrants were generally more likely to experience overqualification than non-immigrants: 29.3% experienced overqualification at least once in the two reference years, compared with 16.1% of non-immigrants.","who were generally more likely to experience overqualification,immigrants or non-immigrants ?",['immigrants'],"['sum', 'pair-argmax']","{'entity_link': {'top': {'[ANSWER]': {'(0, 3)': 'immigrants'}}, 'left': {}, 'top_left_corner': {}}, 'quantity_link': {}}",['=D3'],"{'D3': '(0, 3)'}",multi-op
2b8ea8267c17be79186903f7b73db64d,2412,statcan,12910,1,"moreover, women were generally more likely than men to experience overqualification.","who were more likely to experience overqualification,women or men?",['women'],"['sum', 'pair-argmax']","{'entity_link': {'top': {'[ANSWER]': {'(1, 4)': 'women'}}, 'left': {}, 'top_left_corner': {}}, 'quantity_link': {}}",['=E4'],"{'E4': '(1, 4)'}",multi-op
b477ea2a905cc5d5382e79396b1554cb,2412,statcan,12911,1,"33.8% of immigrant women experienced overqualification at least once, compared with 25.3% of immigrant men.",what were the percentages of immigrant women and men who experienced overqualification at least once?,"[33.8, 25.3]",['sum'],"{'entity_link': {'top': {'immigrant women': {'(1, 6)': 'women'}, 'immigrant men': {'(1, 7)': 'men'}}, 'left': {}, 'top_left_corner': {}}, 'quantity_link': {'[ANSWER]': {'(4, 6)': 6.1, '(5, 6)': 16.1, '(6, 6)': 11.6, '(6, 7)': 8.7, '(5, 7)': 11.6, '(4, 7)': 5.0}}}","['=SUM(G7:G9+0)', '=SUM(H7:H9+0)']","{'G7': '(4, 6)', 'G9': '(6, 6)', 'H7': '(4, 7)', 'H9': '(6, 7)'}",single-op
18f7c463a00f41f1b6027a96e99a1186,2412,statcan,12912,1,only 5.3% of workers were overqualified in both 2006 and 2016.,what was the percentage of workers who were overqualified in both 2006 and 2016?,[5.3],['none'],"{'entity_link': {'top': {}, 'left': {'overqualified in both 2006 and 2016': {'(6, 0)': 'persistent overqualification'}}, 'top_left_corner': {}}, 'quantity_link': {'[ANSWER]': {'(6, 1)': 5.3}}}",['=B9'],"{'B9': '(6, 1)'}",lookup (none)
37c9eb1aef474d480f078fd8d73ff242,2412,statcan,12913,1,"10.1% of immigrants were overqualified in both periods, compared with 3.6% of non-immigrants.",what were the percentages of immigrants and non-immigrants who were overqualified in both periods?,"[10.1, 3.6]",['none'],"{'entity_link': {'top': {}, 'left': {'overqualified in both periods': {'(6, 0)': 'persistent overqualification'}}, 'top_left_corner': {}}, 'quantity_link': {'[ANSWER]': {'(6, 3)': 10.1, '(6, 2)': 3.6}}}","['=D9', '=C9']","{'D9': '(6, 3)', 'C9': '(6, 2)'}",lookup (none)
324f7766abe6eb2b04606c4547256ff1,2412,statcan,12914,1,"overall, women were slightly more likely than men to have experienced persistent overqualification.","who were more likely to have experienced persistent overqualification,women or men?",['women'],['pair-argmax'],"{'entity_link': {'top': {'[ANSWER]': {'(1, 4)': 'women'}}, 'left': {'experienced persistent overqualification': {'(6, 0)': 'persistent overqualification'}}, 'top_left_corner': {}}, 'quantity_link': {}}",['=E4'],"{'E4': '(1, 4)'}",single-op
a81fbb8e0ce4492cb9e07a4914e8f68f,2412,statcan,12915,1,"11.6% of immigrant women experienced persistent overqualification, compared with 8.7% of their male counterparts.",what were the percentages of immigrant women who experienced persistent overqualification and their male counterparts respectively?,"[11.6, 8.7]",['none'],"{'entity_link': {'top': {'immigrant women': {'(1, 6)': 'women'}, 'male counterparts': {'(1, 7)': 'men'}}, 'left': {'persistent overqualification': {'(6, 0)': 'persistent overqualification'}}, 'top_left_corner': {}}, 'quantity_link': {'[ANSWER]': {'(6, 6)': 11.6, '(6, 7)': 8.7}}}","['=G9', '=H9']","{'G9': '(6, 6)', 'H9': '(6, 7)'}",lookup (none)
7e78a63d3a19e980bf82eb5e863185ea,675,statcan,3765,1,"according to the 2008-base mbm, the poverty rate was 12.1% in 2015.","according to the 2008-base mbm, what is the poverty rate in 2015?",[12.1],['none'],"{'entity_link': {'top': {'2008-base mbm': {'(0, 1)': '2008-base'}, '2015': {'(1, 1)': 2015.0}}, 'left': {}, 'top_left_corner': {}}, 'quantity_link': {'[ANSWER]': {'(4, 1)': 12.1}}}",['=B7'],"{'B7': '(4, 1)'}",lookup (none)
09cbe08e665ec96e494f0dc824402dd5,675,statcan,3765,2,"according to the 2008-base mbm, the poverty rate was 8.7% in 2018.","according to the 2008-base mbm, what is the poverty rate in 2018?",[8.7],['none'],"{'entity_link': {'top': {'2008-base mbm': {'(0, 1)': '2008-base'}, '2018': {'(1, 4)': 2018.0}}, 'left': {}, 'top_left_corner': {}}, 'quantity_link': {'[ANSWER]': {'(4, 4)': 8.7}}}",['=E7'],"{'E7': '(4, 4)'}",lookup (none)
693a09a1e3b39a51d2632c07e74dc253,675,statcan,3765,3,"according to the 2008-base mbm, the poverty rate has declined 3.4 percentage from 2015 to 2018.","according to the 2008-base mbm, how many percent of the poverty rate has declined from 2015 to 2018?",[3.4],"['diff', 'opposite']","{'entity_link': {'top': {'2008-base mbm': {'(0, 1)': '2008-base'}, '2015': {'(1, 1)': 2015.0}, '2018': {'(1, 4)': 2018.0}}, 'left': {}, 'top_left_corner': {}}, 'quantity_link': {'[ANSWER]': {'(4, 4)': 8.7, '(4, 1)': 12.1}}}",['=-(E7-B7)'],"{'E7': '(4, 4)', 'B7': '(4, 1)'}",multi-op
4c21d01db20a0f17c81ce34a4c7ab317,675,statcan,3766,1,"according to the proposed 2018-base mbm, the poverty rate is 14.5% in 2015.","according to the proposed 2018-base mbm, what is the poverty rate in 2015?",[14.5],['none'],"{'entity_link': {'top': {'2015': {'(1, 5)': 2015.0}, 'the proposed 2018-base mbm': {'(0, 5)': '2018-base'}}, 'left': {}, 'top_left_corner': {}}, 'quantity_link': {'[ANSWER]': {'(4, 5)': 14.5}}}",['=F7'],"{'F7': '(4, 5)'}",lookup (none)
e8bf2078226d16e5d48e0f4358626272,675,statcan,3766,2,"according to the proposed 2018-base mbm, the poverty rate is 11% in 2018.","according to the proposed 2018-base mbm, what is the poverty rate in 2018?",[11.0],['none'],"{'entity_link': {'top': {'the proposed 2018-base mbm': {'(0, 5)': '2018-base'}, '2018': {'(1, 8)': 2018.0}}, 'left': {}, 'top_left_corner': {}}, 'quantity_link': {'[ANSWER]': {'(4, 8)': 11.0}}}",['=I7'],"{'I7': '(4, 8)'}",lookup (none)
e3350ca8abc76283824e9e97289f657f,675,statcan,3766,3,"according to the proposed 2018-base mbm, the poverty rate has declined 3.5 percentage from 2015 to 2018.","according to the proposed 2018-base mbm, how many percent of the poverty rate has declined from 2015 to 2018?",[3.5],"['diff', 'opposite']","{'entity_link': {'top': {'2015': {'(1, 5)': 2015.0}, '2018': {'(1, 8)': 2018.0}, 'the proposed 2018-base mbm': {'(0, 5)': '2018-base'}}, 'left': {}, 'top_left_corner': {}}, 'quantity_link': {'[ANSWER]': {'(4, 5)': 14.5, '(4, 8)': 11.0}}}",['=-(I7-F7)'],"{'I7': '(4, 8)', 'F7': '(4, 5)'}",multi-op
